{
  "accuracy": 0.7534246575342466,
  "precision": 0.7626348977466496,
  "recall": 0.7534246575342466,
  "f1_score": 0.7540010567318622,
  "classification_report": {
    "0": {
      "precision": 0.6929824561403509,
      "recall": 0.8061224489795918,
      "f1-score": 0.7452830188679245,
      "support": 98.0
    },
    "1": {
      "precision": 0.819047619047619,
      "recall": 0.7107438016528925,
      "f1-score": 0.7610619469026548,
      "support": 121.0
    },
    "accuracy": 0.7534246575342466,
    "macro avg": {
      "precision": 0.7560150375939849,
      "recall": 0.7584331253162422,
      "f1-score": 0.7531724828852897,
      "support": 219.0
    },
    "weighted avg": {
      "precision": 0.7626348977466496,
      "recall": 0.7534246575342466,
      "f1-score": 0.7540010567318622,
      "support": 219.0
    }
  },
  "confusion_matrix": [
    [
      79,
      19
    ],
    [
      35,
      86
    ]
  ],
  "timestamp": "2025-08-05T21:16:54.389608"
}